Energy,Relative Error
5.0,0.0
5.554616193078985,0.09984779754360591
5.554589253872384,-4.8499007523443936e-06
5.554589253872315,-1.2310887902970318e-14
