Energy,Relative Error
5.0,0.0
4.901308055260442,-0.02013583794914397
4.901788237318402,9.796058799614521e-05
4.901788248858946,2.354353767632611e-09
