Energy,Relative Error
5.0,0.0
4.904107572533686,-0.019553491853110307
4.901832178634049,-0.00046419253387647465
4.901789076014931,-8.793242313984416e-06
4.901788264431758,-1.655687943519215e-07
