Energy,Relative Error
5.0,0.0
4.901788640950006,-0.020035820849052373
4.901788248858947,-7.998939147712008e-08
