Energy,Relative Error
5.0,0.0
5.554589253616866,0.0998434318533537
5.554589253872315,4.5988753260138995e-11
