Energy,Relative Error
0.08726646259971647,0.0
5.008726642885968,0.9825771161371596
5.500234959718904,0.089361331003586
5.5491790981629,0.008820068262024427
5.554050776207151,0.0008771396302534312
5.554535658927351,8.729491535821557e-05
5.554583919543466,8.688430459245835e-06
5.5545887229442,8.647626265690521e-07
5.554589201028804,8.607020006954434e-08
